iterID,x1,x2,x3,x4,x5,x6,x7,x8,x9,x10,x11,x12,x13,ParetoFamily,Pareto_f1,Pareto_f2
1,100.27954947728104,100.67493487215252,100.43445996520393,100.07084521626093,100.02694771553016,100.34092378732967,100.19009078603695,100.39786847112595,100.49492915013536,100.02809653828486,101.18444965437311,100.0484152688572,100.47170746887258,0.0,70.53,2134.562623593233
2,799.9964965944497,799.992185973859,799.9966395121795,799.9780701686748,799.991825569384,799.9648360517331,799.9256257511589,799.9992247195541,585.1412015811372,799.868725534759,799.9990175234475,799.9915506225888,799.928207318693,0.0,70.46363636363637,1426.5887343363743
3,100.0448774279311,100.64469895691526,100.07211670316524,100.86474259519036,100.25973955449977,100.19699213408343,100.13690511891267,100.21831926458007,100.74525965326684,100.03034010477494,100.62506445824681,100.27689557654509,100.27335533993528,0.0,70.75,1912.781541208789
4,100.27598203685466,101.15985882529917,100.08649811422727,100.22617208722383,100.11094874817378,100.50198393024664,100.15756058883925,100.70765582585268,100.0913217105869,100.46510491573603,100.07935747847517,100.09038913312241,100.06855780563983,0.0,70.62307692307692,1806.2265515951813
5,105.98503333127827,100.14621985106373,100.04713634146532,147.4314194539662,177.88955784608942,100.42848344887237,102.58720937191815,148.1700805919259,100.06232997665363,100.30098799961779,118.08165091379881,100.26110390381002,100.07532607338678,0.0,70.52857142857142,3876.25915841629
